,City,Country,Lat,Lng,Max Temp,Humidity,Cloudiness,Wind Speed,Current Description
0,Upernavik,GL,72.7868,-56.1549,15.19,95,100,4.65,overcast clouds
1,Shenjiamen,CN,29.9576,122.298,54.59,58,0,9.53,clear sky
2,Port Alfred,ZA,-33.5906,26.891,80.96,73,73,13.24,broken clouds
3,Sola,VU,-13.8833,167.55,86.0,84,75,4.56,broken clouds
4,Codrington,AU,-38.2667,141.9667,59.11,67,37,26.96,scattered clouds
5,Rikitea,PF,-23.1203,-134.9692,77.97,75,97,8.55,overcast clouds
6,Puerto Ayora,EC,-0.7393,-90.3518,72.0,97,94,3.0,light rain
7,Dhidhdhoo,MV,6.8833,73.1,81.7,79,95,11.5,light rain
8,Buraydah,SA,26.326,43.975,60.8,88,75,13.8,broken clouds
9,Cherskiy,RU,68.75,161.3,-22.18,87,94,1.92,overcast clouds
10,Chuy,UY,-33.6971,-53.4616,63.64,84,3,8.05,clear sky
11,Huarmey,PE,-10.0681,-78.1522,70.32,84,100,4.99,overcast clouds
12,Barrow,US,71.2906,-156.7887,-11.2,77,1,14.97,clear sky
13,Albany,US,42.6001,-73.9662,33.01,76,100,0.49,overcast clouds
14,Bluff,NZ,-46.6,168.3333,59.74,87,4,13.15,clear sky
15,Busselton,AU,-33.65,115.3333,82.99,38,0,5.99,clear sky
16,Kavieng,PG,-2.5744,150.7967,83.5,75,100,11.54,light rain
17,South Venice,US,27.0531,-82.4243,52.0,100,90,3.44,mist
18,Bubaque,GW,11.2833,-15.8333,77.14,61,2,13.29,clear sky
19,Luganville,VU,-15.5333,167.1667,83.62,79,100,6.24,moderate rain
20,Jamestown,US,42.097,-79.2353,33.01,93,1,9.15,clear sky
21,Zahirabad,IN,17.6833,77.6167,83.07,36,0,5.7,clear sky
22,Port Hardy,CA,50.6996,-127.4199,46.4,93,40,3.44,scattered clouds
23,Tezu,IN,27.9167,96.1667,77.41,32,26,4.07,scattered clouds
24,Tasiilaq,GL,65.6145,-37.6368,32.0,100,90,1.14,light snow
25,Kamaishi,JP,39.2667,141.8833,33.8,60,0,3.44,clear sky
26,Georgetown,MY,5.4112,100.3354,87.8,70,20,10.36,few clouds
27,Benghazi,LY,32.1167,20.0667,61.99,70,82,16.98,light rain
28,Hithadhoo,MV,-0.6,73.0833,82.33,77,78,16.6,broken clouds
29,Luderitz,NA,-26.6481,15.1594,67.46,71,79,4.56,broken clouds
30,Airai,TL,-8.9266,125.4092,69.33,100,100,1.21,moderate rain
31,Port Elizabeth,ZA,-33.918,25.5701,73.4,88,74,4.61,broken clouds
32,Isangel,VU,-19.55,169.2667,82.4,89,90,8.03,overcast clouds
33,Deputatskiy,RU,69.3,139.9,-23.87,88,100,4.61,overcast clouds
34,Neiafu,TO,-18.65,-173.9833,82.4,78,20,9.22,few clouds
35,Palasa,IN,18.7667,84.4167,82.08,54,40,7.94,scattered clouds
36,Honiara,SB,-9.4333,159.95,83.39,70,100,4.14,overcast clouds
37,Punta Arenas,CL,-53.15,-70.9167,51.8,82,75,5.75,broken clouds
38,San Ramon,US,37.7799,-121.978,55.0,76,1,1.92,clear sky
39,Bonthe,SL,7.5264,-12.505,76.82,89,86,4.16,overcast clouds
40,Sur,OM,22.5667,59.5289,75.07,45,0,6.6,clear sky
41,Kapaa,US,22.0752,-159.319,73.4,88,20,4.61,few clouds
42,Bardiyah,LY,31.7561,25.0865,55.27,63,0,17.69,clear sky
43,Grindavik,IS,63.8424,-22.4338,39.2,87,75,10.36,broken clouds
44,Elizabeth City,US,36.2946,-76.2511,37.0,100,1,2.66,mist
45,Saldanha,ZA,-33.0117,17.9442,66.2,88,100,6.91,light rain
46,Qena,EG,26.1615,32.7183,50.0,71,0,2.3,clear sky
47,Castro,BR,-24.7911,-50.0119,62.26,94,57,8.01,broken clouds
48,Sao Filipe,CV,14.8961,-24.4956,73.09,68,100,11.63,overcast clouds
49,Umm Kaddadah,SD,13.6017,26.6876,66.45,30,0,20.78,clear sky
50,Victoria,HK,22.2855,114.1577,69.01,51,0,6.29,clear sky
51,Chimbarongo,CL,-34.7,-71.05,60.8,41,90,6.91,overcast clouds
52,Noumea,NC,-22.2763,166.4572,84.0,89,90,4.61,overcast clouds
53,Quelimane,MZ,-17.8786,36.8883,84.2,79,40,3.44,light rain
54,Gasa,PS,31.5,34.4667,51.01,100,71,1.99,light rain
55,Tuatapere,NZ,-46.1333,167.6833,65.86,74,0,5.08,clear sky
56,Requena,ES,39.4883,-1.1004,44.01,75,0,11.5,clear sky
57,New Norfolk,AU,-42.7826,147.0587,55.0,59,100,1.01,overcast clouds
58,Omsukchan,RU,62.5333,155.8,-35.95,78,85,2.77,overcast clouds
59,Bambous Virieux,MU,-20.3428,57.7575,87.01,94,75,6.91,light rain
60,Alyangula,AU,-13.8483,136.4192,78.8,100,40,3.44,scattered clouds
61,Husavik,IS,66.0449,-17.3389,37.4,65,0,8.05,clear sky
62,Mataura,NZ,-46.1927,168.8643,71.1,64,25,3.65,scattered clouds
63,Nikolskoye,RU,59.7035,30.7861,3.0,85,90,4.47,light snow
64,Haines Junction,CA,60.7522,-137.5108,17.6,93,100,2.42,light snow
65,Sijunjung,ID,-0.6876,100.9537,89.44,49,74,2.62,broken clouds
66,Ahipara,NZ,-35.1667,173.1667,66.88,73,0,8.21,clear sky
67,Simplicio Mendes,BR,-7.8539,-41.9103,72.23,86,99,3.0,overcast clouds
68,Tuktoyaktuk,CA,69.4541,-133.0374,-9.4,77,90,12.66,overcast clouds
69,Vaini,TO,-21.2,-175.2,82.4,83,75,4.61,light rain
70,Sambava,MG,-14.2667,50.1667,85.69,67,100,6.02,overcast clouds
71,Ciudad Bolivar,VE,8.1222,-63.5497,73.85,86,91,9.98,overcast clouds
72,Saint-Joseph,RE,-21.3667,55.6167,86.0,66,0,14.97,clear sky
73,Atuona,PF,-9.8,-139.0333,77.32,78,13,11.45,few clouds
74,Lae,PG,-6.7221,146.9847,82.54,77,100,1.07,overcast clouds
75,Saint-Philippe,RE,-21.3585,55.7679,86.0,66,0,11.5,clear sky
76,Moyale,KE,3.5167,39.0584,77.16,41,68,8.77,broken clouds
77,Hamilton,US,39.1834,-84.5333,46.99,57,90,10.36,overcast clouds
78,Ribeira Grande,PT,38.5167,-28.7,63.32,83,100,33.29,light rain
79,Moerai,PF,-22.4333,-151.3333,79.5,73,100,12.73,overcast clouds
80,Hilo,US,19.7297,-155.09,73.4,78,1,5.75,clear sky
81,Broken Hill,AU,-31.95,141.4333,78.8,21,31,21.85,scattered clouds
82,Araure,VE,9.5601,-69.2148,72.84,72,100,3.42,overcast clouds
83,Lahaina,US,20.8783,-156.6825,75.2,69,1,3.44,clear sky
84,Lianran,CN,24.9227,102.485,63.0,47,40,8.95,scattered clouds
85,Zhangye,CN,38.9342,100.4517,21.94,87,79,2.13,broken clouds
86,Naze,JP,28.3667,129.4833,69.8,64,20,13.8,few clouds
87,Kieta,PG,-6.2167,155.6333,83.89,67,86,3.2,overcast clouds
88,Sayan,PE,-11.1361,-77.1933,68.54,76,100,2.98,overcast clouds
89,Tautira,PF,-17.7333,-149.15,82.0,74,20,3.44,few clouds
90,Marzuq,YE,14.4,46.4667,70.79,24,0,1.83,clear sky
91,Ushuaia,AR,-54.8,-68.3,44.6,76,75,10.36,broken clouds
92,Tura,IN,25.5198,90.2201,73.2,43,97,3.38,overcast clouds
93,Khatanga,RU,71.9667,102.5,-51.07,75,30,1.1,scattered clouds
94,Borborema,BR,-21.6197,-49.0736,70.27,85,73,3.15,broken clouds
95,Avarua,CK,-21.2078,-159.775,80.6,78,75,8.05,broken clouds
96,Bredasdorp,ZA,-34.5322,20.0403,71.6,73,0,1.14,clear sky
97,Hobart,AU,-42.8794,147.3294,55.0,87,75,6.91,heavy intensity rain
98,Vao,NC,-22.6667,167.4833,77.86,90,100,17.83,overcast clouds
99,Cape Town,ZA,-33.9258,18.4232,71.01,94,90,12.66,light rain
100,Santa Isabel Do Rio Negro,BR,-0.4139,-65.0192,72.3,98,100,0.49,overcast clouds
101,Rock Sound,BS,24.9,-76.2,74.16,81,100,6.85,overcast clouds
102,Hermanus,ZA,-34.4187,19.2345,73.0,73,12,16.58,few clouds
103,Bathsheba,BB,13.2167,-59.5167,78.8,78,40,19.57,scattered clouds
104,Longyearbyen,SJ,78.2186,15.6401,23.0,93,90,5.75,light snow
105,Kulhudhuffushi,MV,6.6221,73.07,81.57,79,43,10.71,light rain
106,Zapolyarnyy,RU,69.4154,30.8136,14.0,85,75,10.36,broken clouds
107,Nyimba,ZM,-14.5566,30.8149,74.3,89,100,4.0,light rain
108,Lamu,KE,-2.2717,40.902,80.82,72,71,7.27,broken clouds
109,Namibe,AO,-15.1961,12.1522,73.51,67,0,3.27,clear sky
110,Rongcheng,CN,30.634,117.8517,60.67,37,0,6.91,clear sky
111,Nome,US,64.5011,-165.4064,12.99,85,1,10.36,clear sky
112,Chumikan,RU,54.7183,135.315,-11.29,81,12,18.39,few clouds
113,San Carlos De Bariloche,AR,-41.1456,-71.3082,51.8,82,40,8.05,light rain
114,Okahandja,NA,-21.9833,16.9167,61.0,97,100,6.96,overcast clouds
115,Lakatoro,VU,-16.0999,167.4164,83.68,80,100,6.04,light rain
116,Gizo,SB,-8.103,156.8419,85.8,70,100,13.04,overcast clouds
117,Tual,ID,-5.6667,132.75,83.66,76,96,12.97,overcast clouds
118,Paamiut,GL,61.994,-49.6678,24.19,86,100,10.33,overcast clouds
119,Coahuayana,MX,18.7333,-103.6833,72.43,51,100,2.73,overcast clouds
120,Qaanaaq,GL,77.484,-69.3632,11.28,77,98,1.16,overcast clouds
121,Salalah,OM,17.0151,54.0924,80.6,12,0,2.3,clear sky
122,Nalut,LY,30.3333,10.85,42.1,61,0,2.71,clear sky
123,Pacific Grove,US,36.6177,-121.9166,53.6,94,40,9.33,scattered clouds
124,Ahuimanu,US,21.4447,-157.8378,77.0,88,90,6.46,mist
125,Mwingi,KE,-0.9344,38.0601,75.7,64,11,3.65,few clouds
126,Adrar,MR,20.5022,-10.0711,53.37,37,99,12.93,overcast clouds
127,Vilhena,BR,-12.7406,-60.1458,69.8,99,100,2.44,light rain
128,Sistranda,NO,63.7256,8.834,19.4,86,20,10.36,few clouds
129,Lafiagi,NG,8.8667,5.4167,72.28,21,62,2.3,broken clouds
130,Nanortalik,GL,60.1432,-45.2371,22.86,89,100,5.37,overcast clouds
131,Vagur,FO,61.4732,-6.8119,43.02,85,3,6.73,clear sky
132,Payo,ID,-3.7508,103.6372,87.98,57,100,3.67,overcast clouds
133,Shimoda,JP,34.6667,138.95,50.0,76,75,18.41,broken clouds
134,La Rochelle,FR,46.1667,-1.15,44.6,87,75,16.11,broken clouds
135,Vostok,RU,46.4856,135.8833,2.32,90,100,2.28,overcast clouds
136,Doha,QA,25.2867,51.5333,66.2,52,0,6.91,clear sky
137,Mayor Pablo Lagerenza,PY,-19.9309,-60.7718,73.54,95,79,4.25,broken clouds
138,Tizimin,MX,21.15,-88.15,65.66,95,100,3.18,overcast clouds
139,Pangnirtung,CA,66.1451,-65.7125,-5.85,71,0,2.46,clear sky
140,Kruisfontein,ZA,-34.0033,24.7314,80.01,81,73,1.01,light rain
141,Mar Del Plata,AR,-38.0023,-57.5575,69.01,72,0,14.97,clear sky
142,Carnarvon,AU,-24.8667,113.6333,86.0,74,19,18.41,few clouds
143,Olhao,PT,37.0286,-7.8411,41.0,93,0,5.75,clear sky
144,Alice Springs,AU,-23.7,133.8833,96.8,15,0,17.27,clear sky
145,Darhan,MN,49.4867,105.9228,-2.22,85,0,6.06,clear sky
146,Wewak,PG,-3.5534,143.6268,83.19,74,100,3.91,light rain
147,Krupanj,RS,44.3656,19.3619,24.8,100,40,3.44,mist
148,Nkhotakota,MW,-12.9274,34.2961,79.47,75,100,2.19,light rain
149,Pemangkat,ID,1.1667,108.9667,80.96,76,96,6.51,light rain
150,Grand Baie,MU,-20.0182,57.5802,87.01,73,11,5.99,few clouds
151,Yellowknife,CA,62.456,-114.3525,-4.0,84,1,5.75,clear sky
152,San Patricio,US,28.017,-97.5169,51.8,62,1,13.8,clear sky
153,Pskov,RU,57.8136,28.3496,-4.0,77,0,6.71,clear sky
154,Kavaratti,IN,10.5669,72.642,82.24,75,100,15.19,very heavy rain
155,Paita,PE,-5.0892,-81.1144,71.78,79,100,7.0,light rain
156,Lichinga,MZ,-13.3128,35.2406,68.0,94,75,6.91,light rain
157,Bom Conselho,BR,-9.1697,-36.6797,65.75,94,80,6.8,broken clouds
158,Karcag,HU,47.3167,20.9333,26.6,93,0,4.61,mist
159,Kingman,US,35.1894,-114.053,48.2,21,1,14.97,clear sky
160,Goderich,CA,43.7501,-81.7165,35.6,80,100,16.11,overcast clouds
161,General Jose Eduvigis Diaz,PY,-27.1667,-58.4167,79.0,86,0,3.0,clear sky
162,Pevek,RU,69.7008,170.3133,-13.58,90,94,2.75,overcast clouds
163,Bethel,US,41.3712,-73.414,35.01,93,90,3.6,mist
164,Iqaluit,CA,63.7506,-68.5145,-16.6,76,75,3.47,broken clouds
165,Burns Lake,CA,54.2331,-125.7533,19.4,86,100,1.14,light snow
166,Lata,PT,40.1629,-8.3327,44.6,100,75,2.3,fog
167,Torbay,CA,47.6666,-52.7314,32.0,100,90,4.61,overcast clouds
168,Margate,GB,51.3813,1.3862,39.0,82,100,3.0,overcast clouds
169,Tabou,CI,4.423,-7.3528,76.82,86,0,4.72,clear sky
170,Raudeberg,NO,61.9875,5.1352,33.01,86,45,5.91,scattered clouds
171,Lagoa,PT,39.05,-27.9833,62.29,85,100,31.61,overcast clouds
172,Saskylakh,RU,71.9167,114.0833,-42.74,79,56,4.97,broken clouds
173,Vokhtoga,RU,58.8147,41.0461,-0.69,93,97,4.68,snow
174,Mitchell,US,43.7094,-98.0298,32.0,64,90,35.68,overcast clouds
175,Makakilo City,US,21.3469,-158.0858,77.0,73,1,6.91,clear sky
176,Ponta Do Sol,PT,32.6667,-17.1,52.0,66,0,3.0,clear sky
177,Poum,NC,-20.2333,164.0167,82.29,80,100,7.14,overcast clouds
178,Westport,US,41.1415,-73.3579,39.0,100,76,5.79,broken clouds
179,Bontang,ID,0.1333,117.5,79.47,80,100,5.37,overcast clouds
180,Olafsvik,IS,64.8945,-23.7142,40.15,84,100,11.59,overcast clouds
181,Werder,DE,52.3787,12.934,34.0,96,100,5.26,overcast clouds
182,Piacabucu,BR,-10.4056,-36.4344,77.02,83,77,10.85,broken clouds
183,Abu Samrah,SY,35.3029,37.1841,53.64,67,0,20.2,clear sky
184,Ulaangom,MN,49.9811,92.0667,-5.91,85,1,1.83,clear sky
185,Gimli,CA,50.6336,-96.9907,28.4,86,100,13.8,overcast clouds
186,Viedma,AR,-40.8135,-62.9967,76.33,34,100,25.43,overcast clouds
187,Pestretsy,RU,55.7531,49.6545,14.0,85,75,6.71,broken clouds
188,Kirensk,RU,57.7853,108.1119,3.29,88,100,12.28,overcast clouds
189,Hofn,IS,64.2539,-15.2082,39.22,74,100,6.76,overcast clouds
190,Thompson,CA,55.7435,-97.8558,10.4,79,90,13.8,snow
191,Thap Than,TH,15.4606,99.8917,90.0,35,100,2.33,overcast clouds
192,Okhotsk,RU,59.3833,143.3,-15.97,78,35,7.31,scattered clouds
193,Faanui,PF,-16.4833,-151.75,81.36,76,0,13.49,clear sky
194,Alboraya,ES,39.5,-0.35,44.01,75,0,12.66,clear sky
195,Kidal,ML,18.4411,1.4078,63.77,25,88,10.18,overcast clouds
196,Biu,NG,10.6129,12.1946,64.47,26,0,6.08,clear sky
197,Evensk,RU,61.95,159.2333,-24.43,75,50,6.76,scattered clouds
198,Senanga,ZM,-16.1167,23.2667,72.45,83,100,4.27,light rain
199,Mahebourg,MU,-20.4081,57.7,82.4,94,75,6.91,light rain
200,Namatanai,PG,-3.6667,152.4333,83.84,71,59,6.31,broken clouds
201,Te Anau,NZ,-45.4167,167.7167,67.71,60,0,4.03,clear sky
202,Esperantina,BR,-3.9017,-42.2336,71.92,94,100,2.71,overcast clouds
203,Esperance,AU,-33.8667,121.9,73.4,46,40,20.71,scattered clouds
204,Vestmannaeyjar,IS,63.4427,-20.2734,41.0,87,90,28.77,overcast clouds
205,Dingle,PH,10.9995,122.6711,84.79,73,24,8.68,few clouds
206,Provideniya,RU,64.3833,-173.3,6.28,90,100,8.41,overcast clouds
207,Prince Rupert,CA,54.3161,-130.3201,46.4,81,90,17.27,light rain
208,Savannah Bight,HN,16.45,-85.85,75.99,94,58,0.98,broken clouds
209,Maraa,BR,-1.8333,-65.3667,71.76,98,100,0.72,overcast clouds
210,East London,ZA,-33.0153,27.9116,78.8,83,0,6.91,clear sky
211,Clyde River,CA,70.4692,-68.5914,-5.8,84,90,2.3,overcast clouds
212,Morant Bay,JM,17.8815,-76.4093,77.0,83,40,5.75,scattered clouds
213,Ostrovnoy,RU,68.0531,39.5131,16.54,96,98,6.82,light snow
214,Diapaga,BF,12.0708,1.7889,65.37,25,0,7.0,clear sky
215,Chokurdakh,RU,70.6333,147.9167,-4.86,92,99,6.58,overcast clouds
216,Dikson,RU,73.5069,80.5464,-30.28,81,24,7.87,few clouds
217,Linhares,BR,-19.3911,-40.0722,71.06,95,5,1.72,clear sky
218,Narang,PK,31.9132,74.5176,50.0,93,90,2.17,fog
219,Kaeo,NZ,-35.1,173.7833,75.99,44,0,5.01,clear sky
220,Sorland,NO,67.667,12.6934,37.4,75,40,9.22,scattered clouds
221,Nouadhibou,MR,20.931,-17.0347,60.8,33,0,23.02,clear sky
222,Kodiak,US,57.79,-152.4072,37.4,93,90,10.36,light rain
223,Grand Gaube,MU,-20.0064,57.6608,87.01,73,6,5.99,clear sky
224,Mazyr,BY,52.0495,29.2456,9.18,94,100,6.26,overcast clouds
225,Arraial Do Cabo,BR,-22.9661,-42.0278,74.88,89,0,15.52,clear sky
226,Sakakah,SA,29.9697,40.2064,50.0,50,0,13.8,clear sky
227,Norman Wells,CA,65.282,-126.8329,-5.8,77,20,4.61,few clouds
228,Sao Joao Da Barra,BR,-21.6403,-41.0511,75.02,90,0,11.39,clear sky
229,Mionica,BA,44.8672,18.4631,24.8,100,40,3.44,mist
230,Komsomolskiy,UZ,40.4272,71.7189,48.2,43,0,2.3,clear sky
231,San Vicente,AR,-26.6167,-54.1333,66.78,80,0,3.42,clear sky
232,Mackenzie,CA,55.2999,-123.1698,23.0,93,90,8.05,overcast clouds
233,Fernie,CA,49.5,-115.0687,30.2,86,89,5.75,overcast clouds
234,Kloulklubed,PW,7.0419,134.2556,84.2,74,75,13.8,light rain
235,Batagay-Alyta,RU,67.8006,130.4114,-31.43,70,100,0.63,overcast clouds
236,Businga,CD,3.3333,20.8833,78.4,64,0,3.83,clear sky
237,Butaritari,KI,3.0707,172.7902,81.05,77,100,19.66,overcast clouds
238,Hami,CN,42.8,93.45,24.06,71,0,7.25,clear sky
239,Akdepe,TM,42.0551,59.3788,46.4,61,100,18.41,overcast clouds
240,Sioux Lookout,CA,50.1001,-91.917,30.2,86,90,6.91,overcast clouds
241,Eureka,US,40.8021,-124.1637,48.99,93,31,5.84,scattered clouds
242,Shahpura,IN,27.3833,75.9667,68.0,32,20,4.61,haze
243,Sitka,US,57.0531,-135.33,42.8,81,90,18.41,moderate rain
244,Lompoc,US,34.6391,-120.4579,59.0,87,1,3.44,clear sky
245,Guadix,ES,37.2993,-3.1392,36.0,33,64,1.99,broken clouds
246,Geraldton,AU,-28.7667,114.6,105.8,16,5,17.27,clear sky
247,Jieshi,CN,22.8134,115.8257,69.01,51,0,3.0,clear sky
248,Aguimes,ES,27.9054,-15.4461,62.6,59,75,14.97,broken clouds
249,Baryshivka,UA,50.361,31.3217,17.01,86,75,6.71,light snow
250,Constitucion,CL,-35.3333,-72.4167,54.93,67,0,10.67,clear sky
251,Itoman,JP,26.1247,127.6694,71.6,68,20,13.8,few clouds
252,Fort Nelson,CA,58.8053,-122.7002,24.8,68,90,2.3,overcast clouds
253,Kardailovo,RU,51.5386,53.9042,23.94,96,100,12.28,light snow
254,Hearst,CA,49.6835,-83.6665,28.4,80,82,8.05,broken clouds
255,Klyuchi,RU,52.2667,79.1667,-10.23,89,0,6.89,clear sky
256,Mehamn,NO,71.0357,27.8492,35.6,86,75,8.05,light snow
257,Camacupa,AO,-12.0167,17.4833,61.95,86,99,0.96,overcast clouds
258,Micheweni,TZ,-4.9667,39.8333,81.52,72,98,9.73,overcast clouds
259,Gobabis,NA,-22.45,18.9667,69.66,77,69,6.4,broken clouds
260,Santa Cruz De Tenerife,ES,28.4682,-16.2546,60.01,71,75,2.3,broken clouds
261,Alta Floresta,BR,-9.8756,-56.0861,70.05,98,100,2.86,overcast clouds
262,Saint Anthony,US,45.0205,-93.218,34.0,100,90,11.5,snow
263,Mountain Home,US,43.133,-115.6912,30.2,100,1,3.44,clear sky
264,Cordoba,AR,-31.4135,-64.1811,73.99,83,90,6.91,light rain
265,Santa Marta,CO,11.2408,-74.199,81.0,69,100,3.0,overcast clouds
266,Arona,ES,28.0996,-16.681,60.8,59,40,16.11,scattered clouds
267,Shestakovo,RU,56.4915,103.96,1.56,88,100,13.0,overcast clouds
268,Lebu,CL,-37.6167,-73.65,57.07,88,100,1.77,overcast clouds
269,Lorengau,PG,-2.0226,147.2712,85.15,65,100,9.53,overcast clouds
270,Mailani,IN,28.2833,80.35,69.69,40,98,4.41,overcast clouds
271,Chapais,CA,49.7834,-74.8492,24.8,93,90,1.48,overcast clouds
272,San Cristobal,VE,7.7669,-72.225,62.8,89,100,1.83,overcast clouds
273,Plettenberg Bay,ZA,-34.0527,23.3716,73.13,82,76,14.07,light rain
274,Santa Cruz,BO,-17.8,-63.1667,75.2,88,75,4.61,broken clouds
275,Vangaindrano,MG,-23.35,47.6,88.41,64,0,2.57,clear sky
276,Henties Bay,NA,-22.116,14.2845,70.0,85,100,3.69,overcast clouds
277,Fortuna,US,40.5982,-124.1573,51.01,100,90,5.75,overcast clouds
278,Mulege,MX,26.8833,-111.9833,54.34,56,0,3.98,clear sky
279,Sarakhs,IR,36.5449,61.1577,67.8,21,92,22.46,overcast clouds
280,Ambulu,ID,-8.345,113.6058,84.6,72,100,8.08,overcast clouds
281,Takoradi,GH,4.8845,-1.7554,78.71,84,0,2.89,clear sky
282,Yeppoon,AU,-23.1333,150.7333,89.6,35,0,9.22,clear sky
283,Auki,SB,-8.7676,160.7034,83.19,69,65,5.39,broken clouds
284,Mount Gambier,AU,-37.8333,140.7667,60.8,55,90,24.16,overcast clouds
285,Banda Aceh,ID,5.5577,95.3222,82.63,75,58,3.15,light rain
286,Pisco,PE,-13.7,-76.2167,68.0,83,0,6.91,clear sky
287,Kirakira,SB,-10.4544,161.9205,82.76,78,100,7.52,overcast clouds
288,Baijiantan,CN,45.6333,85.1833,3.43,90,95,5.28,overcast clouds
289,Trinidad,BO,-14.8333,-64.9,72.88,97,100,3.71,light rain
290,Saint George,US,37.1041,-113.5841,45.0,26,1,6.91,clear sky
291,Orlik,RU,52.5178,99.825,-6.61,77,99,4.7,overcast clouds
292,Krasnoye,UA,49.9145,24.6134,19.4,93,75,11.18,light snow
293,Tiksi,RU,71.6872,128.8694,-23.17,87,100,5.19,overcast clouds
294,Berea,US,41.3662,-81.8543,41.0,60,90,9.22,overcast clouds
295,Aleysk,RU,52.4926,82.7822,-11.06,89,38,1.54,scattered clouds
296,Leningradskiy,RU,69.3833,178.4167,-2.4,91,100,6.85,light snow
297,Aripuana,BR,-9.1667,-60.6333,71.83,100,100,0.85,heavy intensity rain
298,Mount Isa,AU,-20.7333,139.5,104.0,15,0,13.8,clear sky
299,Puyang,CN,29.4603,119.8861,65.12,34,0,2.91,clear sky
300,Boffa,GN,10.1667,-14.0333,68.13,91,88,4.14,overcast clouds
301,Ugoofaaru,MV,5.6667,73.0,81.41,77,59,8.97,broken clouds
302,De-Kastri,RU,51.4667,140.7833,-4.68,89,43,1.54,scattered clouds
303,Cidreira,BR,-30.1811,-50.2056,72.97,84,83,18.32,broken clouds
304,Nizwa,OM,22.9333,57.5333,74.25,20,0,4.72,clear sky
305,Port Said,EG,31.2565,32.2841,55.4,94,40,16.11,scattered clouds
306,Merke,KZ,42.8728,73.1786,37.83,77,0,4.03,clear sky
307,Ossora,RU,59.2353,163.0719,-14.03,87,44,4.63,scattered clouds
308,Vila Velha,BR,-20.3297,-40.2925,73.4,94,75,2.3,broken clouds
309,Fairbanks,US,64.8378,-147.7164,7.0,77,40,4.61,scattered clouds
310,Severo-Kurilsk,RU,50.6789,156.125,24.94,93,100,13.44,overcast clouds
311,Haverfordwest,GB,51.8017,-4.9691,35.6,100,20,5.75,few clouds
312,Ozernovskiy,RU,51.5,156.5167,21.16,89,100,6.55,overcast clouds
313,Vardo,NO,70.3705,31.1107,28.4,86,75,13.8,broken clouds
314,Krivosheino,RU,57.3431,83.9261,-7.87,90,100,8.97,overcast clouds
315,Tudela,ES,42.0617,-1.6045,44.6,76,75,12.66,broken clouds
316,Laukaa,RU,58.7372,29.8453,2.05,92,100,7.34,overcast clouds
317,Buala,SB,-8.145,159.5921,83.12,77,62,8.16,broken clouds
318,Dauphin,CA,51.1494,-100.0502,28.4,94,90,21.85,light snow
319,Nagorsk,RU,59.3172,50.8078,9.77,96,97,4.12,overcast clouds
320,Fare,PF,-16.7,-151.0167,81.27,75,0,14.79,clear sky
321,Santa Ines,BR,-3.6667,-45.38,71.87,98,100,0.36,overcast clouds
322,Imeni Babushkina,RU,59.7573,43.1285,0.54,93,90,3.56,overcast clouds
323,Bengkulu,ID,-3.8004,102.2655,84.97,61,47,7.49,scattered clouds
324,Liwale,TZ,-9.7667,37.9333,74.44,82,99,5.46,overcast clouds
325,Meadow Lake,US,34.8014,-106.5436,41.0,26,1,13.8,clear sky
326,Tanout,NE,14.9709,8.8879,61.79,31,0,11.7,clear sky
327,Inuvik,CA,68.3499,-133.7218,-0.4,85,98,2.3,overcast clouds
328,Korem,ET,12.5058,39.5228,60.49,40,0,5.41,clear sky
329,Hewitt,US,31.4624,-97.1958,42.01,56,1,7.92,clear sky
330,Rapid Valley,US,44.0625,-103.1463,30.0,40,1,49.48,clear sky
331,Shingu,JP,33.7333,135.9833,59.0,58,40,3.44,scattered clouds
332,Coihaique,CL,-45.5752,-72.0662,48.52,85,100,1.14,light rain
333,Iglesias,IT,39.3114,8.535,54.0,71,40,8.05,scattered clouds
334,Coromandel,BR,-18.4733,-47.2003,62.47,99,86,3.31,overcast clouds
335,Abalak,RU,58.1286,68.5944,-3.01,90,100,11.59,overcast clouds
336,Kahului,US,20.8947,-156.47,75.2,69,1,3.44,clear sky
337,Morondava,MG,-20.2833,44.2833,86.04,72,92,7.65,overcast clouds
338,Kang,BW,-23.6752,22.7876,81.39,46,13,12.48,few clouds
339,Ponta Delgada,PT,37.7333,-25.6667,61.0,88,20,14.97,few clouds
340,Kutum,SD,14.2,24.6667,61.14,32,0,9.75,clear sky
341,Touros,BR,-5.1989,-35.4608,77.0,88,75,2.3,broken clouds
342,Sao Miguel Do Araguaia,BR,-13.275,-50.1628,72.03,89,99,3.42,moderate rain
343,Altay,CN,47.8667,88.1167,1.06,77,0,0.07,clear sky
344,Katobu,ID,-4.9408,122.5276,85.24,75,91,5.57,moderate rain
345,Otradnoye,RU,59.7775,30.8181,3.0,85,90,4.47,light snow
346,Cinisi,IT,38.1562,13.1073,53.6,87,75,17.27,broken clouds
347,Tocopilla,CL,-22.092,-70.1979,65.35,69,86,1.05,overcast clouds
348,Leh,IN,34.1667,77.5833,25.45,51,96,1.34,overcast clouds
349,Oranjestad,AW,12.524,-70.027,78.8,83,20,10.36,few clouds
350,Loa Janan,ID,-0.583,117.095,81.88,73,100,3.06,overcast clouds
351,Chokwe,MZ,-24.5333,32.9833,90.68,52,24,2.93,few clouds
352,Daru,PG,-9.0763,143.2092,82.04,85,100,9.04,moderate rain
353,Khurba,RU,50.4072,136.8819,-4.81,90,100,6.76,overcast clouds
354,Dawson Creek,CA,55.7666,-120.2362,28.4,50,1,2.3,clear sky
355,Strezhevoy,RU,60.7333,77.5889,-7.6,71,0,8.95,clear sky
356,Novaya Bryan,RU,51.7159,108.2691,1.4,60,40,11.18,scattered clouds
357,Atar,MR,20.5169,-13.0499,57.18,32,100,12.1,overcast clouds
358,San Ignacio,BZ,17.1561,-89.0714,69.01,100,20,1.19,few clouds
359,Kuching,MY,1.55,110.3333,80.6,89,40,6.91,moderate rain
360,Quchan,IR,37.106,58.5095,50.52,36,57,5.86,broken clouds
361,Cap Malheureux,MU,-19.9842,57.6142,87.01,73,6,5.99,clear sky
362,Berlevag,NO,70.8578,29.0864,32.0,86,75,8.05,light snow
363,Klaksvik,FO,62.2266,-6.589,39.2,100,75,5.75,broken clouds
364,Yaan,NG,7.3833,8.5667,75.04,26,2,2.57,clear sky
365,Boras,SE,57.721,12.9401,18.0,86,0,6.91,clear sky
366,Kelvington,CA,52.1667,-103.5343,21.2,86,100,10.36,overcast clouds
367,Sao Gabriel Da Cachoeira,BR,-0.1303,-67.0892,71.28,98,38,1.28,scattered clouds
368,Freetown,SL,8.484,-13.2299,77.9,78,89,3.96,overcast clouds
369,Estelle,US,29.8458,-90.1067,59.0,94,1,10.98,clear sky
370,Korla,CN,41.7597,86.1469,28.62,73,15,7.99,few clouds
371,Marystown,CA,47.1666,-55.1483,32.32,92,100,5.17,overcast clouds
372,Conceicao Da Barra,BR,-18.5933,-39.7322,73.72,88,0,3.87,clear sky
373,Amparafaravola,MG,-17.5833,48.2167,84.78,57,100,1.81,overcast clouds
374,Dudinka,RU,69.4058,86.1778,-43.13,78,8,4.34,clear sky
375,Swan River,CA,52.1058,-101.2676,26.6,80,98,14.97,overcast clouds
376,Ancud,CL,-41.8697,-73.8203,50.0,100,40,5.75,scattered clouds
377,Harnosand,SE,62.6323,17.9379,12.99,85,100,5.75,overcast clouds
378,Bhimunipatnam,IN,17.8833,83.4333,84.2,58,40,5.75,haze
379,Portland,US,45.5234,-122.6762,50.0,53,75,8.05,broken clouds
380,Ambon,ID,-3.6954,128.1814,84.2,74,40,6.91,scattered clouds
381,Cooma,AU,-36.2333,149.1333,71.6,26,40,17.27,scattered clouds
382,Tazovskiy,RU,67.4667,78.7,-18.85,88,100,12.48,overcast clouds
383,Kaitangata,NZ,-46.2817,169.8464,63.0,78,19,5.99,few clouds
384,Narsaq,GL,60.9167,-46.05,17.6,57,98,6.91,overcast clouds
385,Richards Bay,ZA,-28.783,32.0377,85.5,61,3,12.73,clear sky
386,Hienghene,NC,-20.6833,164.9333,81.34,85,100,7.49,light rain
387,Aklavik,CA,68.2191,-135.0107,-0.4,85,99,2.3,overcast clouds
388,Cayenne,GF,4.9333,-52.3333,75.2,100,75,1.14,mist
389,Monrovia,LR,6.3005,-10.7969,75.2,94,75,5.82,light rain
390,Puerto Penasco,MX,31.3167,-113.5333,62.01,31,0,3.0,clear sky
391,Katsuura,JP,35.1333,140.3,48.99,76,75,12.66,light rain
392,Tolmezzo,IT,46.4075,13.0175,35.01,92,0,7.92,clear sky
393,Cabo San Lucas,MX,22.8909,-109.9124,57.0,70,59,0.94,broken clouds
394,Kununurra,AU,-15.7667,128.7333,100.4,39,89,6.91,overcast clouds
395,Souillac,MU,-20.5167,57.5167,82.4,94,75,6.91,light rain
396,Saint-Augustin,CA,51.226,-58.6502,24.55,97,80,2.66,broken clouds
397,Patnagarh,IN,20.7167,83.15,81.73,20,0,1.63,clear sky
398,Bitung,ID,1.4451,125.1824,82.4,78,75,13.8,broken clouds
399,Ban Nahin,LA,18.2418,104.2122,84.99,39,0,4.99,clear sky
400,Tiszabo,HU,47.3,20.4833,24.01,93,0,4.61,clear sky
401,Trelew,AR,-43.249,-65.3051,65.07,79,0,9.91,clear sky
402,Yar-Sale,RU,66.8333,70.8333,-8.59,87,100,7.65,overcast clouds
403,Krasnoselkup,RU,65.7,82.4667,-17.34,85,100,7.65,overcast clouds
404,Asau,RO,46.4333,26.4,28.0,100,75,5.75,light snow
405,Mahibadhoo,MV,3.7833,72.9667,81.66,73,0,9.89,clear sky
406,Rocha,UY,-34.4833,-54.3333,58.32,91,0,6.96,clear sky
407,Ilulissat,GL,69.2167,-51.1,17.6,86,90,11.5,light snow
408,Dera Ghazi Khan,PK,30.0561,70.6348,71.91,16,0,2.86,clear sky
409,Kankon,IN,15.0167,74.0167,86.0,45,40,9.22,scattered clouds
410,Carutapera,BR,-1.195,-46.02,77.4,83,69,6.87,broken clouds
411,Ramla,IL,31.9253,34.8669,55.4,88,40,12.66,light rain
412,Bandarbeyla,SO,9.4942,50.8122,77.9,64,10,16.31,clear sky
413,Sheridan,US,44.8333,-106.9173,28.4,40,1,18.41,clear sky
414,Lavrentiya,RU,65.5833,-171.0,6.42,92,100,8.03,overcast clouds
415,Nazarovo,RU,56.0064,90.3914,-2.72,89,100,13.56,overcast clouds
416,Goya,AR,-29.14,-59.2626,75.76,70,54,6.78,broken clouds
417,Emerald,AU,-23.5333,148.1667,93.2,33,1,5.75,clear sky
418,Mufulira,ZM,-12.5498,28.2407,66.99,90,100,5.99,light rain
419,Gijon,ES,43.5357,-5.6615,45.0,88,100,3.98,overcast clouds
420,Pospelikha,RU,51.95,81.7667,-12.55,88,0,2.44,clear sky
421,Bairiki,KI,1.3292,172.9752,80.6,78,40,14.97,scattered clouds
422,Hasaki,JP,35.7333,140.8333,44.6,93,75,9.22,light rain
423,Madera,US,37.1666,-119.8343,57.0,81,0,2.51,clear sky
424,Blackwater,AU,-23.5833,148.8833,95.11,26,0,11.95,clear sky
425,Inhambane,MZ,-23.865,35.3833,87.8,74,40,9.22,light rain
426,Thunder Bay,CA,48.4001,-89.3168,35.6,87,90,12.66,overcast clouds
427,La Ronge,CA,55.1001,-105.2842,15.8,86,6,5.75,clear sky
428,Aksu,CN,41.1231,80.2644,29.5,75,0,4.97,clear sky
429,Srednekolymsk,RU,67.45,153.6833,-23.67,85,100,14.07,overcast clouds
430,Petatlan,MX,17.5167,-101.2667,72.36,72,43,2.46,scattered clouds
431,Pinawa,CA,50.1489,-95.8811,25.54,98,98,7.74,overcast clouds
432,Phuthaditjhaba,ZA,-28.5242,28.8158,70.86,63,85,5.93,overcast clouds
433,Pak Phanang,TH,8.3511,100.202,86.0,70,75,8.05,broken clouds
434,Ughelli,NG,5.4899,6.0074,77.36,88,1,2.8,clear sky
435,Sao Jose Da Coroa Grande,BR,-8.8978,-35.1478,76.24,83,100,7.81,overcast clouds
436,Vernon,CA,50.2581,-119.2691,28.99,93,8,1.14,clear sky
437,Ilo,PE,-17.6394,-71.3375,68.88,77,100,5.32,overcast clouds
438,Mitrofanovka,RU,49.9708,39.6939,15.71,98,100,3.24,snow
439,Beringovskiy,RU,63.05,179.3167,-15.72,88,29,9.24,scattered clouds
440,Gazli,UZ,40.1333,63.45,55.44,35,0,17.54,clear sky
441,Bud,US,39.447,-86.1758,37.0,92,100,6.64,overcast clouds
442,Likasi,CD,-10.9814,26.7333,65.73,95,95,7.29,light rain
443,Isselburg,DE,51.8333,6.4667,34.0,89,99,3.0,overcast clouds
444,Koulikoro,ML,14.0,-7.75,60.12,29,0,8.88,clear sky
445,Bahia Blanca,AR,-38.7196,-62.2724,75.51,32,100,16.28,moderate rain
446,Sinnamary,GF,5.3833,-52.95,76.01,88,25,8.57,scattered clouds
447,College,US,64.8569,-147.8028,8.01,77,40,4.61,scattered clouds
448,Rio Gallegos,AR,-51.6226,-69.2181,57.2,67,75,6.91,broken clouds
449,Temir,KZ,49.1414,57.13,20.93,92,100,23.47,overcast clouds
450,Mubi,NG,10.2676,13.2644,69.62,22,0,1.79,clear sky
451,Wanaka,NZ,-44.7,169.15,75.61,43,0,4.97,clear sky
452,Boysun,UZ,38.2061,67.1986,52.14,44,0,2.28,clear sky
453,Estreito,BR,-5.7833,-43.25,70.48,98,84,1.28,broken clouds
454,San Matias,BO,-16.3667,-58.4,75.13,82,100,5.44,moderate rain
455,Ust-Kalmanka,RU,52.1207,83.305,-10.35,88,28,3.98,scattered clouds
456,Port Lincoln,AU,-34.7333,135.8667,61.25,56,47,18.48,scattered clouds
457,Antofagasta,CL,-23.65,-70.4,66.2,68,90,5.75,overcast clouds
458,Nantucket,US,41.2835,-70.0995,42.8,87,90,8.05,mist
459,Los Llanos De Aridane,ES,28.6585,-17.9182,62.6,63,90,10.36,overcast clouds
460,Laguna,US,38.421,-121.4238,48.99,87,90,3.44,mist
461,Wajima,JP,37.4,136.9,44.6,65,0,4.61,clear sky
462,Fredericton,CA,45.9454,-66.6656,30.2,100,90,3.44,mist
463,Puerto Escondido,MX,15.85,-97.0667,75.69,68,96,1.63,overcast clouds
464,Bahar,IR,34.9072,48.4414,35.6,75,90,18.41,light snow
465,Lisakovsk,KZ,52.5369,62.4936,12.65,91,100,16.8,overcast clouds
466,Noyabrsk,RU,63.1994,75.4507,-4.85,90,100,13.38,overcast clouds
467,Kodinsk,RU,58.6881,99.1844,1.22,85,70,11.03,broken clouds
468,Maniitsoq,GL,65.4167,-52.9,19.09,92,92,7.25,overcast clouds
469,Papenburg,DE,53.0667,7.4,33.01,100,75,1.14,broken clouds
470,Omboue,GA,-1.5746,9.2618,77.31,84,70,3.29,broken clouds
471,Guerrero Negro,MX,27.9769,-114.0611,64.0,32,0,7.31,clear sky
472,Natchitoches,US,31.7668,-93.1335,44.6,61,1,8.05,clear sky
473,Krasnaya Gorbatka,RU,55.8703,41.7641,6.55,95,100,3.85,overcast clouds
474,Salekhard,RU,66.53,66.6019,-8.18,87,100,6.85,overcast clouds
475,Hokitika,NZ,-42.7167,170.9667,64.13,81,1,10.71,clear sky
476,Comodoro Rivadavia,AR,-45.8667,-67.5,59.0,94,90,8.05,light rain
477,Boden,SE,65.8252,21.6886,-0.4,85,90,1.14,light snow
478,Sisimiut,GL,66.9395,-53.6735,11.34,91,95,3.6,overcast clouds
479,Pitimbu,BR,-7.4706,-34.8086,77.0,88,40,6.91,scattered clouds
480,Tobati,PY,-25.25,-57.0667,80.6,83,0,5.75,clear sky
481,Qasigiannguit,GL,68.8193,-51.1922,17.6,86,90,11.5,light snow
482,Imbituba,BR,-28.24,-48.6703,69.8,100,90,8.05,overcast clouds
483,Mindelo,CV,16.8901,-24.9804,68.45,71,100,20.83,overcast clouds
484,Cururupu,BR,-1.8283,-44.8683,76.15,87,87,3.67,overcast clouds
485,Sobolevo,RU,54.4299,31.8996,-2.07,92,87,5.37,light snow
486,Camacha,PT,33.0833,-16.3333,57.2,58,40,8.05,scattered clouds
487,Santiago Tuxtla,MX,18.4667,-95.3,65.57,95,100,1.92,overcast clouds
488,Tymoshivka,UA,47.1842,35.1088,27.28,95,100,3.09,overcast clouds
489,Dvinskoy,RU,62.1535,45.1175,-2.67,92,98,2.77,overcast clouds
490,Anadyr,RU,64.75,177.4833,-18.0,76,20,6.71,few clouds
491,Verkhnevilyuysk,RU,63.4453,120.3167,-24.02,86,100,7.11,overcast clouds
492,Kapit,MY,2.0167,112.9333,79.02,89,100,6.33,overcast clouds
493,Kindu,CD,-2.95,25.95,68.79,95,100,2.1,overcast clouds
494,Salisbury,GB,51.0693,-1.7957,32.0,93,16,10.36,few clouds
495,Pangai,TO,-19.8,-174.35,82.4,83,40,4.61,scattered clouds
496,Arvika,SE,59.6553,12.5852,5.0,92,67,5.75,broken clouds
497,Athabasca,CA,54.7169,-113.2854,14.0,85,100,2.3,overcast clouds
498,Sebrovo,RU,50.0981,43.2976,23.27,98,100,9.1,snow
499,Giovinazzo,IT,41.1864,16.6674,46.0,61,0,5.75,clear sky
500,Hualmay,PE,-11.0964,-77.6139,69.53,87,100,6.26,overcast clouds
501,Karwar,IN,14.8,74.1333,88.27,47,1,1.12,clear sky
502,Placido De Castro,BR,-10.3353,-67.1856,72.5,95,100,2.48,overcast clouds
503,Celestun,MX,20.8667,-90.4,67.69,86,100,6.64,overcast clouds
504,Epernay,FR,49.05,3.95,33.8,86,0,9.22,clear sky
505,Letnyaya Stavka,RU,45.4306,43.4472,32.97,97,100,1.43,snow
506,Pavlodar,KZ,52.3,76.95,-9.4,77,0,8.95,clear sky
507,Zabol,AF,32.25,67.25,48.81,35,0,1.99,clear sky
508,Kargopol,RU,61.5071,38.9456,-13.85,89,100,5.53,overcast clouds
509,Bose,IT,45.4612,8.0137,37.99,74,100,1.99,overcast clouds
510,Neuquen,AR,-38.9516,-68.0591,68.0,32,0,8.05,clear sky
511,Birjand,IR,32.8663,59.2211,48.2,9,0,5.28,clear sky
512,Sidney,AU,-33.8679,151.2073,82.0,61,0,20.71,clear sky
513,Bambanglipuro,ID,-7.95,110.2833,84.76,65,100,10.02,moderate rain
514,Qaqortoq,GL,60.7167,-46.0333,17.6,57,100,6.91,overcast clouds
515,Vicuna,CL,-30.0319,-70.7081,55.4,94,0,4.61,clear sky
516,Port Blair,IN,11.6667,92.75,81.57,66,0,11.68,clear sky
517,Mandalgovi,MN,45.7625,106.2708,-1.1,80,0,9.84,clear sky
518,Singaraja,ID,-8.112,115.0882,85.98,65,100,1.48,light rain
519,Rupert,US,42.6191,-113.6772,28.4,69,1,6.91,clear sky
520,Buchanan,LR,5.8808,-10.0467,75.2,94,75,3.29,moderate rain
521,Belmonte,BR,-15.8631,-38.8828,75.2,88,75,2.3,light rain
522,Burnie,AU,-41.0667,145.9167,60.01,41,100,14.0,overcast clouds
523,Ushtobe,KZ,45.2514,77.9838,7.16,90,0,11.83,clear sky
524,Kokopo,PG,-4.352,152.2633,83.8,72,99,11.32,overcast clouds
525,Bilma,NE,18.6853,12.9164,63.07,31,0,7.87,clear sky
526,Nova Odesa,UA,47.3078,31.7851,15.8,100,90,5.88,fog
527,Pachino,IT,36.7186,15.0907,44.01,93,75,3.44,broken clouds
528,Tabas,IR,33.5959,56.9244,58.66,22,100,3.89,overcast clouds
529,High Prairie,CA,55.4334,-116.4858,17.6,73,0,11.5,clear sky
530,Helena,US,46.5927,-112.0361,28.4,43,1,4.61,clear sky
531,Ocara,BR,-4.4908,-38.5967,73.2,92,91,1.66,overcast clouds
532,Yulara,AU,-25.2406,130.9889,91.4,22,1,18.41,clear sky
533,Kyzyl-Suu,KG,42.3414,78.0056,36.72,79,0,1.36,clear sky
534,Mabaruma,GY,8.2,-59.7833,68.38,98,100,1.9,overcast clouds
535,Fairlie,GB,55.756,-4.8556,33.8,100,90,2.3,mist
536,Havoysund,NO,70.9963,24.6622,35.6,87,75,6.91,broken clouds
537,Campos Belos,BR,-13.0367,-46.7717,68.95,90,100,1.7,light rain
538,Karaton,ID,-6.3424,106.1045,84.2,70,40,10.36,scattered clouds
539,Emba,KZ,48.8264,58.1442,20.46,91,100,20.22,overcast clouds
540,Constantine,DZ,36.365,6.6147,39.2,81,75,2.3,broken clouds
541,Mojo,ET,8.6,39.1167,62.6,42,20,3.44,few clouds
542,Balakhninskiy,RU,58.0106,114.2769,-0.63,84,100,8.08,overcast clouds
543,Poso,ID,-1.3959,120.7524,82.99,77,99,3.74,overcast clouds
544,Hambantota,LK,6.1241,81.1185,82.4,89,75,12.66,broken clouds
545,Abu Kamal,SY,34.4506,40.9171,55.81,62,0,4.79,clear sky
546,Dharchula,IN,29.85,80.5333,70.48,22,98,5.28,overcast clouds
547,Pucallpa,PE,-8.3791,-74.5539,72.03,99,82,1.19,moderate rain
548,Bembereke,BJ,10.2283,2.6634,63.25,27,30,4.25,scattered clouds
549,Santander,ES,43.4647,-3.8044,50.0,93,75,4.61,broken clouds
550,Sovetskiy,RU,61.3614,63.5842,-1.5,93,100,10.65,light snow
551,Khani,GE,41.9563,42.9566,44.6,93,90,8.05,overcast clouds
552,Zhezkazgan,KZ,47.8043,67.7144,4.98,89,65,16.13,broken clouds
553,Puteyets,RU,65.1716,57.091,-2.2,92,100,3.6,overcast clouds
554,Port-Gentil,GA,-0.7193,8.7815,78.8,94,20,3.44,few clouds
555,Mbandaka,CD,0.0487,18.2603,76.64,78,2,3.29,clear sky
556,Mapiripan,CO,2.8892,-72.1256,71.82,85,100,3.36,overcast clouds
557,Namie,JP,37.4833,141.0,41.0,66,85,7.45,overcast clouds
558,Minsk,BY,53.9,27.5667,8.6,85,90,13.42,light snow
559,Santa Barbara,US,34.7333,-120.0343,59.0,76,1,5.3,clear sky
560,Harboore,DK,56.6175,8.1807,30.0,80,93,8.25,overcast clouds
561,Luanda,AO,-8.8368,13.2343,75.2,83,20,4.61,few clouds
562,Erdaojiang,CN,41.7764,126.0319,15.91,91,100,7.25,overcast clouds
563,Male,MV,4.1748,73.5089,87.8,66,75,10.36,broken clouds
564,Kajaani,FI,64.2273,27.7285,-9.4,77,75,2.3,light snow
565,Port Hedland,AU,-20.3167,118.5667,95.0,66,40,24.16,scattered clouds
566,Sabha,LY,27.0377,14.4283,48.13,51,0,5.48,clear sky
567,Pacatuba,BR,-3.9842,-38.6203,81.0,78,75,8.05,broken clouds
568,Alofi,NU,-19.0595,-169.9187,80.6,89,100,5.75,overcast clouds
569,Hashtrud,IR,37.4779,47.0508,35.83,83,43,7.56,scattered clouds
570,Bonavista,CA,48.6499,-53.1147,30.99,93,100,4.61,overcast clouds
571,Itarema,BR,-2.9248,-39.9167,76.95,82,47,10.29,scattered clouds
572,Bouca,CF,6.5105,18.2733,78.06,18,3,2.75,clear sky
573,Santiago De Chuco,PE,-8.15,-78.1833,51.31,81,100,1.83,light rain
574,Caravelas,BR,-17.7125,-39.2481,73.31,90,0,3.02,clear sky
575,Pimentel,PE,-6.8367,-79.9342,69.71,81,100,8.57,overcast clouds
576,Kati,ML,12.7441,-8.0726,69.8,18,0,11.5,clear sky
577,Thinadhoo,MV,0.5333,72.9333,81.64,77,61,14.76,broken clouds
578,Zhigansk,RU,66.7697,123.3711,-43.11,79,47,6.2,scattered clouds
579,Selma,US,36.5708,-119.6121,50.0,100,1,3.44,mist
580,Gamba,GA,-2.65,10.0,77.65,86,61,3.65,broken clouds
581,San Rafael Del Sur,NI,11.8485,-86.4384,75.54,71,14,10.02,few clouds
582,Cullinan,ZA,-25.6709,28.5236,73.4,73,37,6.91,scattered clouds
583,Warrnambool,AU,-38.3833,142.4833,59.0,79,22,5.01,few clouds
584,Coro,VE,11.4045,-69.6734,74.3,84,100,11.01,overcast clouds
585,Mudgee,AU,-32.5943,149.5871,88.0,22,0,19.57,clear sky
586,Saint-Leu,RE,-21.15,55.2833,86.0,66,0,14.97,clear sky
587,Gat,IL,31.61,34.7642,51.01,100,74,1.99,light rain
588,At-Bashi,KG,41.1702,75.8106,28.96,86,0,0.89,clear sky
589,Zeya,RU,53.75,127.2667,-17.28,85,95,1.45,overcast clouds
590,Diamantino,BR,-14.4086,-56.4461,73.35,92,100,3.09,light rain
591,Agara,GE,42.0376,43.8238,37.44,85,100,18.03,overcast clouds
592,Ust-Kuyga,RU,70.0167,135.6,-33.79,81,100,3.49,overcast clouds
593,Hanna,CA,51.6334,-111.9018,12.2,92,100,4.61,overcast clouds
594,Varnavino,RU,57.4035,45.0916,2.82,94,63,3.31,broken clouds
595,Flinders,AU,-34.5833,150.8552,82.0,66,98,5.99,overcast clouds
596,Jiangyou,CN,31.7667,104.7167,57.83,33,0,5.46,clear sky
597,Xai-Xai,MZ,-25.0519,33.6442,89.2,57,51,2.17,broken clouds
598,Ilhabela,BR,-23.7781,-45.3581,75.51,86,66,4.99,broken clouds
599,Lagos,NG,6.5833,3.75,76.64,89,100,2.75,overcast clouds
600,Dakar,SN,14.6937,-17.4441,64.4,77,0,13.8,clear sky
601,Anloga,GH,5.7947,0.8973,78.8,89,40,8.05,scattered clouds
602,Natal,BR,-5.795,-35.2094,78.8,78,20,4.61,few clouds
603,Nuuk,GL,64.1835,-51.7216,24.01,74,90,9.22,overcast clouds
604,Nyurba,RU,63.2842,118.3319,-18.83,87,100,6.49,overcast clouds
605,Mayo,US,38.8876,-76.5119,37.0,100,1,5.46,mist
606,Tombouctou,ML,20.0,-3.0,55.44,35,77,15.32,broken clouds
607,Vanavara,RU,60.34,102.2797,-21.69,80,0,7.83,clear sky
608,Zhuhai,CN,22.2769,113.5678,75.99,59,20,4.61,few clouds
609,Magadan,RU,59.5667,150.8,-16.65,75,0,5.21,clear sky
610,Arlit,NE,18.7369,7.3853,65.59,26,0,3.53,clear sky
611,Bossier City,US,32.516,-93.7321,44.01,49,1,4.61,clear sky
612,Batticaloa,LK,7.7102,81.6924,81.81,75,100,7.45,heavy intensity rain
613,Yatou,CN,37.15,122.3833,28.51,94,100,23.91,overcast clouds
614,Marsabit,KE,2.3284,37.9899,68.34,81,68,15.59,broken clouds
615,Puerto Suarez,BO,-18.95,-57.8,74.21,96,100,3.76,heavy intensity rain
616,Anshun,CN,26.25,105.9333,59.34,47,0,6.04,clear sky
617,Lamesa,US,32.7376,-101.951,34.0,69,1,4.61,clear sky
618,Harrison,US,30.4091,-89.0436,57.2,88,1,6.91,clear sky
619,Saint-Francois,FR,46.4154,3.9054,37.99,93,90,18.41,overcast clouds
620,Krasnyy Chikoy,RU,50.3643,108.7512,1.92,86,100,4.76,snow
621,Kiama,AU,-34.6833,150.8667,82.0,75,95,10.0,overcast clouds
622,Pleasant Point,NZ,-44.2667,171.1333,66.99,89,42,5.01,scattered clouds
623,Turtas,RU,58.9417,69.1325,-3.14,90,100,10.54,overcast clouds
624,Greensburg,US,40.3015,-79.5389,41.0,48,1,4.61,clear sky
625,Gravdal,NO,68.1214,13.5031,35.6,87,75,13.8,broken clouds
626,Barentu,ER,15.1139,37.5928,77.31,23,7,1.41,clear sky
627,Pierre,US,44.3683,-100.351,30.2,64,90,34.52,light snow
628,Beaverlodge,CA,55.2166,-119.4361,23.0,68,40,6.91,scattered clouds
629,Kudahuvadhoo,MV,2.6708,72.8944,81.72,74,14,10.74,few clouds
630,Cascais,PT,38.6979,-9.4215,53.01,94,46,9.26,scattered clouds
631,Marion,US,39.7684,-86.1555,37.99,87,90,6.91,overcast clouds
632,Puri,IN,19.8,85.85,80.6,54,20,2.3,haze
633,Santana,BR,-0.0583,-51.1817,78.8,94,40,5.75,scattered clouds
634,Tamiahua,MX,21.2667,-97.45,64.02,89,100,3.65,overcast clouds
635,Lumding,IN,25.7535,93.1732,66.2,63,75,1.7,haze
636,Outram,MY,1.2829,103.8379,87.8,58,75,10.36,broken clouds
637,Vila Franca Do Campo,PT,37.7167,-25.4333,61.0,88,20,14.97,few clouds
638,Nelson Bay,AU,-32.7167,152.15,80.01,78,1,14.97,clear sky
639,Joshimath,IN,30.5667,79.5667,66.02,23,70,6.87,broken clouds
640,Taoudenni,ML,22.6783,-3.9836,49.37,41,71,11.41,broken clouds
641,Horsham,GB,51.064,-0.3272,33.8,93,75,3.44,broken clouds
642,Synya,RU,65.3718,58.0387,-2.92,89,100,3.62,overcast clouds
643,Braganca,BR,-1.0536,-46.7656,73.15,94,100,1.7,overcast clouds
644,Brae,GB,60.3964,-1.353,41.0,93,75,25.32,light intensity drizzle rain
645,Canavieiras,BR,-15.675,-38.9472,73.15,91,52,1.41,moderate rain
646,Gillette,US,44.2911,-105.5022,23.0,50,1,27.63,clear sky
647,Matagami,CA,49.7502,-77.6328,21.2,100,90,2.3,overcast clouds
648,Marienburg,PL,54.0359,19.0266,27.0,100,100,8.48,light snow
649,La Rioja,ES,42.25,-2.5,44.6,76,90,16.11,overcast clouds
650,Novo Aripuana,BR,-5.1206,-60.3797,72.37,98,100,1.57,overcast clouds
651,Khorramshahr,IR,30.4397,48.1664,64.4,77,75,6.91,broken clouds
652,Khairagarh,IN,26.95,77.8167,67.57,30,80,1.92,broken clouds
653,Cockburn Town,TC,21.4612,-71.1419,77.5,79,71,6.89,broken clouds
654,Truth Or Consequences,US,33.1284,-107.2528,51.8,12,1,20.71,clear sky
655,Whyalla,AU,-33.0333,137.5833,68.0,45,40,24.16,scattered clouds
656,Roald,NO,62.5833,6.1333,30.2,74,75,10.36,broken clouds
657,Tigil,RU,57.8,158.6667,-10.23,91,4,1.23,clear sky
658,Ambunti,PG,-4.2365,142.8448,85.46,70,100,1.41,light rain
659,Sao Felix Do Xingu,BR,-6.6447,-51.995,70.86,96,100,1.54,overcast clouds
660,Axim,GH,4.8699,-2.2405,79.23,82,2,4.38,clear sky
661,Dunedin,NZ,-45.8742,170.5036,66.0,74,33,1.99,scattered clouds
662,Medina,SA,24.4686,39.6142,64.4,55,0,4.61,clear sky
663,Talaya,RU,61.3833,152.75,-38.31,79,86,0.09,overcast clouds
664,Labuan,MY,5.2767,115.2417,84.2,79,20,5.75,few clouds
665,Faya,SA,18.3851,42.4509,59.0,54,0,5.75,clear sky
666,Rafai,CF,4.95,23.9167,82.09,28,0,2.15,clear sky
667,Mutoko,ZW,-17.397,32.2268,66.25,95,100,1.74,light rain
668,Jalu,LY,29.0331,21.5482,55.15,70,0,8.7,clear sky
669,Jizan,SA,17.3333,42.6667,77.0,78,0,10.36,clear sky
670,Mehran,IR,33.1222,46.1646,37.4,87,75,6.91,broken clouds
671,Kikwit,CD,-5.041,18.8162,73.47,92,98,1.52,light rain
672,Barra Dos Coqueiros,BR,-10.9089,-37.0386,80.6,78,75,9.22,mist
673,Kandrian,PG,-6.2167,149.55,84.42,72,100,13.13,light rain
674,Kenai,US,60.5544,-151.2583,35.6,48,90,20.71,overcast clouds
675,Russell,US,32.3502,-85.1999,46.4,81,1,4.61,clear sky
676,Nemuro,JP,43.3236,145.575,24.8,50,75,2.3,broken clouds
677,Nizhniy Tsasuchey,RU,50.5167,115.1333,4.06,78,0,7.4,clear sky
678,Panalingaan,PH,8.7842,117.4231,83.01,78,97,7.54,heavy intensity rain
679,Moose Factory,CA,51.2585,-80.6094,23.0,93,90,12.66,overcast clouds
680,Sibut,CF,5.718,19.0739,79.3,20,4,1.5,clear sky
681,Muros,ES,42.7762,-9.0603,43.0,95,100,5.35,overcast clouds
682,Stafford,GB,52.8052,-2.1164,32.0,86,48,1.01,scattered clouds
683,Uray,RU,60.1247,64.7758,-1.79,93,100,12.77,snow
684,Sjenica,RS,43.2731,19.9994,6.28,93,26,1.88,scattered clouds
685,Iracoubo,GF,5.4802,-53.2011,75.69,89,50,7.92,scattered clouds
